case_id,split
1418,train
1419,train
1420,train
1421,train
1422,train
1423,train
1424,train
1425,train
1426,train
1427,train
1428,train
1429,train
1430,train
1431,train
1432,train
1433,train
1434,train
1435,train
1436,train
1437,train
1438,train
1439,train
1440,train
1441,train
1442,train
1443,train
1444,train
1445,train
1446,train
1447,train
1448,train
1449,train
1450,train
1451,train
1452,train
1453,train
1454,train
1455,train
1456,train
1457,train
1458,train
1459,train
1460,train
1461,train
1462,train
1463,train
1464,train
1465,train
1466,train
1467,train
1468,train
1469,train
1470,train
1471,train
1472,train
1473,train
1474,train
1475,train
1476,train
1477,train
1478,train
1479,train
1480,train
1481,train
1482,train
1483,train
1484,train
1485,train
1486,train
1487,train
1488,train
1489,train
1490,train
1491,train
1492,train
1493,train
1494,train
1495,train
1496,train
1497,train
1498,train
1499,train
1500,train
1501,train
1502,train
1503,train
1504,train
1505,train
1506,train
1507,train
1508,train
1509,train
1510,train
1511,train
1512,train
1513,train
1514,train
1515,train
1516,train
1517,train
1518,train
1519,train
1520,train
1521,train
1522,train
1523,train
1524,train
1525,train
1526,train
1527,train
1528,train
1529,train
1530,train
1531,train
1532,train
1533,train
1534,train
1535,train
1536,train
1537,train
1538,train
1539,train
1540,train
1541,train
1542,train
1543,train
1544,train
1545,train
1546,train
1547,train
1548,train
1549,train
1550,train
1551,train
1552,train
1553,train
1554,train
1555,train
1556,train
1557,train
1558,train
1559,train
1560,train
1561,train
1562,train
1563,train
1564,train
1565,train
1566,train
1567,train
1568,train
1569,train
1570,train
1571,train
1572,train
1573,train
1574,train
1575,train
1576,train
1577,train
1578,train
1579,train
1580,train
1581,train
1582,train
1583,train
1584,train
1585,train
1586,train
1587,train
1588,train
1589,train
1590,train
1591,train
1592,train
1593,train
1594,train
1595,train
1596,train
1597,train
1598,train
1599,train
1600,train
1601,train
1602,train
1603,train
1604,train
1605,train
1606,train
1607,train
1608,train
1609,train
1610,train
1611,train
1612,train
1613,train
1614,train
1615,train
1616,train
1617,train
1618,train
1619,train
1620,train
1621,train
1622,train
1623,train
1624,train
1625,train
1626,train
1627,train
1628,train
1629,train
1630,train
1631,train
1632,train
1633,train
1634,train
1635,train
1636,train
1637,train
1638,train
1639,train
1640,train
1641,train
1642,train
1643,train
1644,train
1645,train
1646,train
1647,train
1648,train
1649,train
1650,train
1651,train
1652,train
1653,train
1654,train
1655,train
1656,train
1657,train
1658,train
1659,train
1660,train
1661,train
1662,train
1663,train
1664,train
1665,train
1666,train
1667,train
1668,train
1669,train
1670,train
1671,train
1672,train
1673,train
1674,train
1675,train
1676,train
1677,train
1678,train
1679,train
1680,train
1681,train
1682,train
1683,train
1684,train
1685,train
1686,train
1687,train
1688,train
1689,train
1690,train
1691,train
1692,train
1693,train
1694,train
1695,train
1696,train
1697,train
1698,train
1699,train
1700,train
1701,train
1702,train
1703,train
1704,train
1705,train
1706,train
1707,train
1708,train
1709,train
1710,train
1711,train
1712,train
1713,train
1714,train
1715,train
1716,train
1717,train
1718,train
1719,train
1720,train
1721,train
1722,train
1723,train
1724,train
1725,train
1726,train
1727,train
1728,train
1729,train
1730,train
1731,train
1732,train
1733,train
1734,train
1735,train
1736,train
1737,train
1738,train
1739,train
1740,train
1741,train
1742,train
1743,train
1744,train
1745,train
1746,train
1747,train
1748,train
1749,train
1750,train
1751,train
1752,train
1753,train
1754,train
1755,train
1756,train
1757,train
1758,train
1759,train
1760,train
1761,train
1762,train
1763,train
1764,train
1765,train
1766,train
1767,train
1768,train
1769,train
1770,train
1771,train
1772,train
1773,train
1774,train
1775,train
1776,train
1777,train
1778,train
1779,train
1780,train
1781,train
1782,train
1783,train
1784,train
1785,train
1786,train
1787,train
1788,train
1789,train
1790,train
1791,train
1792,train
1793,train
1794,train
1795,train
1796,train
1797,train
1798,train
1799,train
1800,train
1801,train
1802,train
1803,train
1804,train
1805,train
1806,train
1807,train
1808,train
1809,train
1810,train
1811,train
1812,train
1813,train
1814,train
1815,train
1816,train
1817,train
1818,train
1819,train
1820,train
1821,train
1822,train
1823,train
1824,train
1825,train
1826,train
1827,train
1828,train
1829,train
1830,train
1831,train
1832,train
1833,train
1834,train
1835,train
1836,train
1837,train
1838,train
1839,train
1840,train
1841,train
1842,train
1843,train
1844,train
1845,train
1846,train
1847,train
1848,train
1849,train
1850,train
1851,train
1852,train
1853,train
1854,train
1855,train
1856,train
1857,train
1858,train
1859,train
1860,train
1861,train
1862,train
1863,train
1864,train
1865,train
1866,train
1867,train
1868,train
1869,train
1870,train
1871,train
1872,train
1873,train
1874,train
1875,train
1876,train
1877,train
1878,train
1879,train
1880,train
1881,train
1882,train
1883,train
1884,train
1885,train
1886,train
1887,train
1888,train
1889,train
1890,train
1891,train
1892,train
1893,train
1894,train
1895,train
1896,train
1897,train
1898,train
1899,train
1900,train
1901,train
1902,train
1903,train
1904,train
1905,train
1906,train
1907,train
1908,train
1909,train
1910,train
1911,train
1912,train
1913,train
1914,train
1915,train
1916,train
1917,train
1918,train
1919,train
1920,train
1921,train
1922,train
1923,train
1924,train
1925,train
1926,train
1927,train
1928,train
1929,train
1930,train
1931,train
1932,train
1933,train
1934,train
1935,train
1936,train
1937,train
1938,train
1939,train
1940,train
1941,train
1942,train
1943,train
1944,train
1945,train
1946,train
1947,train
1948,train
1949,train
1950,train
1951,train
1952,train
1953,train
1954,train
1955,train
1956,train
1957,train
1958,train
1959,train
1960,train
1961,train
1962,train
1963,train
1964,train
1965,train
1966,train
1967,train
1968,train
1969,train
1970,train
1971,train
1972,train
1973,train
1974,train
1975,train
1976,train
1977,train
1978,train
1979,train
1980,train
1981,train
1982,train
1983,train
1984,train
1985,train
1986,train
1987,train
1988,train
1989,train
1990,train
1991,train
1992,train
1993,train
1994,train
1995,train
1996,train
1997,train
1998,train
1999,train
2000,train
2001,train
2002,train
2003,train
2004,train
2005,train
2006,train
2007,train
2008,train
2009,train
2010,train
2011,train
2012,train
2013,train
2014,train
2015,train
2016,train
2017,train
2018,train
2019,train
2020,train
2021,train
2022,train
2023,train
2024,train
2025,train
2026,train
2027,train
2028,train
2029,train
2030,train
2031,train
2032,train
2033,train
2034,train
2035,train
2036,train
2037,train
2038,train
2039,train
2040,train
2041,train
2042,train
2043,train
2044,train
2045,train
2046,train
2047,train
2048,train
2049,train
2050,train
2051,train
2052,train
2053,train
2054,train
2055,train
2056,train
2057,train
2058,train
2059,train
2060,train
2061,train
2062,train
2063,train
2064,train
2065,train
2066,train
2067,train
2068,train
2069,train
2070,train
2071,train
2072,train
2073,train
2074,train
2075,train
2076,train
2077,train
2078,train
2079,train
2080,train
2081,train
2082,train
2083,train
2084,train
2085,train
2086,train
2087,train
2088,train
2089,train
2090,train
2091,train
2092,train
2093,train
2094,train
2095,train
2096,train
2097,train
2098,train
2099,train
2100,train
2101,train
2102,train
2103,train
2104,train
2105,train
2106,train
2107,train
2108,train
2109,train
2110,train
2111,train
2112,train
2113,train
2114,train
2115,train
2116,train
2117,train
2118,train
2119,train
2120,train
2121,train
2122,train
2123,train
2124,train
2125,train
2126,train
2127,train
2128,train
2129,train
2130,train
2131,train
2132,train
2133,train
2134,train
2135,train
2136,train
2137,train
2138,train
2139,train
2140,train
2141,train
2142,train
2143,train
2144,train
2145,train
2146,train
2147,train
2148,train
2149,train
2150,train
2151,train
2152,train
2153,train
2154,train
2155,train
2156,train
2157,train
2158,train
2159,train
2160,train
2161,train
2162,train
2163,train
2164,train
2165,train
2166,train
2167,train
2168,train
2169,train
2170,train
2171,train
2172,train
2173,train
2174,train
2175,train
2176,train
2177,train
2178,train
2179,train
2180,train
2181,train
2182,train
2183,train
2184,train
2185,train
2186,train
2187,train
2188,train
2189,train
2190,train
2191,train
2192,train
2193,train
2194,train
2195,train
2196,train
2197,train
2198,train
2199,train
2200,train
2201,train
2202,train
2203,train
2204,train
2205,train
2206,train
2207,train
2208,train
2209,train
2210,train
2211,train
2212,train
2213,train
2214,train
2215,train
2216,train
2217,train
2218,train
2219,train
2220,train
2221,train
2222,train
2223,train
2224,train
2225,train
2226,train
2227,train
2228,train
2229,train
2230,train
2231,train
2232,train
2233,train
2234,train
2235,train
2236,train
2237,train
2238,train
2239,train
2240,train
2241,train
2242,train
2243,train
2244,train
2245,train
2246,train
2247,train
2248,train
2249,train
2250,train
2251,train
2252,train
2253,train
2254,train
2255,train
2256,train
2257,train
2258,train
2259,train
2260,train
2261,train
2262,train
2263,train
2264,train
2265,train
2266,train
2267,train
2268,train
2269,train
2270,train
2271,train
2272,train
2273,train
2274,train
2275,train
2276,train
2277,train
2278,train
2279,train
2280,train
2281,train
2282,train
2283,train
2284,train
2285,train
2286,train
2287,train
2288,train
2289,train
2290,train
2291,train
2292,train
2293,train
2294,train
2295,train
2296,train
2297,train
2298,train
2299,train
2300,train
2301,train
2302,train
2303,train
2304,train
2305,train
2306,train
2307,train
2308,train
2309,train
2310,train
2311,train
2312,train
2313,train
2314,train
2315,train
2316,train
2317,train
2318,train
2319,train
2320,train
2321,train
2322,train
2323,train
2324,train
2325,train
2326,train
2327,train
2328,train
2329,train
2330,train
2331,train
2332,train
2333,train
2334,train
2335,train
2336,train
2337,train
2338,train
2339,train
2340,train
2341,train
2342,train
2343,train
2344,train
2345,train
2346,train
2347,train
2348,train
2349,train
2350,train
2351,train
2352,train
2353,train
2354,train
2355,train
2356,train
2357,train
2358,train
2359,train
2360,train
2361,train
2362,train
2363,train
2364,train
2365,train
2366,train
2367,train
2368,train
2369,train
2370,train
2371,train
2372,train
2373,train
2374,train
2375,train
2376,train
2377,train
2378,train
2379,train
2380,train
2381,train
2382,train
2383,train
2384,train
2385,train
2386,train
2387,train
2388,train
2389,train
2390,train
2391,train
2392,train
2393,train
2394,train
2395,train
2396,train
2397,train
2398,train
2399,train
2400,train
2401,train
2402,train
2403,train
2404,train
2405,train
2406,train
2407,train
2408,train
2409,train
2410,train
2411,train
2412,train
2413,train
2414,train
2415,train
2416,train
2417,train
2418,train
2419,train
2420,train
2421,train
2422,train
2423,train
2424,train
2425,train
2426,train
2427,train
2428,train
2429,train
2430,train
2431,train
2432,train
2433,train
2434,train
2435,train
2436,train
2437,train
2438,train
2439,train
2440,train
2441,train
2442,train
2443,train
2444,train
2445,train
2446,train
2447,train
2448,train
2449,train
2450,train
2451,train
2452,train
2453,train
2454,train
2455,train
2456,train
2457,train
2458,train
2459,train
2460,train
2461,train
2462,train
2463,train
2464,train
2465,train
2466,train
2467,train
2468,train
2469,train
2470,train
2471,train
2472,train
2473,train
2474,train
2475,train
2476,train
2477,train
2478,train
2479,train
2480,train
2481,train
2482,train
2483,train
2484,train
2485,train
2486,train
2487,train
2488,train
2489,train
2490,train
2491,train
2492,train
2493,train
2494,train
2495,train
2496,train
2497,train
2498,train
2499,train
2500,train
2501,train
2502,train
2503,train
2504,train
2505,train
2506,train
2507,train
2508,train
2509,train
2510,train
2511,train
2512,train
2513,train
2514,train
2515,train
2516,train
2517,train
2518,train
2519,train
2520,train
2521,train
2522,train
2523,train
2524,train
2525,train
2526,train
2527,train
2528,train
2529,train
2530,train
2531,train
2532,train
2533,train
2534,train
2535,train
2536,train
2537,train
2538,train
2539,train
2540,train
2541,train
2542,train
2543,train
2544,train
2545,train
2546,train
2547,train
2548,train
2549,train
2550,train
2551,train
2552,train
2553,train
2554,train
2555,train
2556,train
2557,train
2558,train
2559,train
2560,train
2561,train
2562,train
2563,train
2564,train
2565,train
2566,train
2567,train
2568,train
2569,train
2570,train
2571,train
2572,train
2573,train
2574,train
2575,train
2576,train
2577,train
2578,train
2579,train
2580,train
2581,train
2582,train
2583,train
2584,train
2585,train
2586,train
2587,train
2588,train
2589,train
2590,train
2591,train
2592,train
2593,train
2594,train
2595,train
2596,train
2597,train
2598,train
2599,train
2600,train
2601,train
2602,train
2603,train
2604,train
2605,train
2606,train
2607,train
2608,train
2609,train
2610,train
2611,train
2612,train
2613,train
2614,train
2615,train
2616,train
2617,train
2618,train
2619,train
2620,train
2621,train
2622,train
2623,train
2624,train
2625,train
2626,train
2627,train
2628,train
2629,train
2630,train
2631,train
2632,train
2633,train
2634,train
2635,train
2636,train
2637,train
2638,train
2639,train
2640,train
2641,train
2642,train
2643,train
2644,train
2645,train
2646,train
2647,train
2648,train
2649,train
2650,train
2651,train
2652,train
2653,train
2654,train
2655,train
2656,train
2657,train
2658,train
2659,train
2660,train
2661,train
2662,train
2663,train
2664,train
2665,train
2666,train
2667,train
2668,train
2669,train
2670,train
2671,train
2672,train
2673,train
2674,train
2675,train
2676,train
2677,train
2678,train
2679,train
2680,train
2681,train
2682,train
2683,train
2684,train
2685,train
2686,train
2687,train
2688,train
2689,train
2690,train
2691,train
2692,train
2693,train
2694,train
2695,train
2696,train
2697,train
2698,train
2699,train
2700,train
2701,train
2702,train
2703,train
2704,train
2705,train
2706,train
2707,train
2708,train
2709,train
2710,train
2711,train
2712,train
2713,train
2714,train
2715,train
2716,train
2717,train
2718,train
2719,train
2720,train
2721,train
2722,train
2723,train
2724,train
2725,train
2726,train
2727,train
2728,train
2729,train
2730,train
2731,train
2732,train
2733,train
2734,train
2735,train
2736,train
2737,train
2738,train
2739,train
2740,train
2741,train
2742,train
2743,train
2744,train
2745,train
2746,train
2747,train
2748,train
2749,train
2750,train
2751,train
2752,train
2753,train
2754,train
2755,train
2756,train
2757,train
2758,train
2759,train
2760,train
2761,train
2762,train
2763,train
2764,train
2765,train
2766,train
2767,train
2768,train
2769,train
2770,train
2771,train
2772,train
2773,train
2774,train
2775,train
2776,train
2777,train
2778,train
2779,train
2780,train
2781,train
2782,train
2783,train
2784,train
2785,train
2786,train
2787,train
2788,train
2789,train
2790,train
2791,train
2792,train
2793,train
2794,train
2795,train
2796,train
2797,train
2798,train
2799,train
2800,train
2801,train
2802,train
2803,train
2804,train
2805,train
2806,train
2807,train
2808,train
2809,train
2810,train
2811,train
2812,train
2813,train
2814,train
2815,train
2816,train
2817,train
2818,train
2819,train
2820,train
2821,train
2822,train
2823,train
2824,train
2825,train
2826,train
2827,train
2828,train
2829,train
2830,train
2831,train
2832,train
2833,train
2834,train
2835,train
2836,train
2837,train
2838,train
2839,train
2840,train
2841,train
2842,train
2843,train
2844,train
2845,train
2846,train
2847,train
2848,train
2849,train
2850,train
2851,train
2852,train
2853,train
2854,train
2855,train
2856,train
2857,train
2858,train
2859,train
2860,train
2861,train
2862,train
2863,train
2864,train
2865,train
2866,train
2867,train
2868,train
2869,train
2870,train
2871,train
2872,train
2873,train
2874,train
2875,train
2876,train
2877,train
2878,train
2879,train
2880,train
2881,train
2882,train
2883,train
2884,train
2885,train
2886,train
2887,train
2888,train
2889,train
2890,train
2891,train
2892,train
2893,train
2894,train
2895,train
2896,train
2897,train
2898,train
2899,train
2900,train
2901,train
2902,train
2903,train
2904,train
2905,train
2906,train
2907,train
2908,train
2909,train
2910,train
2911,train
2912,train
2913,train
2914,train
2915,train
2916,train
2917,train
2918,train
2919,train
2920,train
2921,train
2922,train
2923,train
2924,train
2925,train
2926,train
2927,train
2928,train
2929,train
2930,train
2931,train
2932,train
2933,train
2934,train
2935,train
2936,train
2937,train
2938,train
2939,train
2940,train
2941,train
2942,train
2943,train
2944,train
2945,train
2946,train
2947,train
2948,train
2949,train
2950,train
2951,train
2952,train
2953,train
2954,train
2955,train
2956,train
2957,train
2958,train
2959,train
2960,train
2961,train
2962,train
2963,train
2964,train
2965,train
2966,train
2967,train
2968,train
2969,train
2970,train
2971,train
2972,train
2973,train
2974,train
2975,train
2976,train
2977,train
2978,train
2979,train
2980,train
2981,train
2982,train
2983,train
2984,train
2985,train
2986,train
2987,train
2988,train
2989,train
2990,train
2991,train
2992,train
2993,train
2994,train
2995,train
2996,train
2997,train
2998,train
2999,train
3000,train
3001,train
3002,train
3003,train
3004,train
3005,train
3006,train
3007,train
3008,train
3009,train
3010,train
3011,train
3012,train
3013,train
3014,train
3015,train
3016,train
3017,train
3018,train
3019,train
3020,train
3021,train
3022,train
3023,train
3024,train
3025,train
3026,train
3027,train
3028,train
3029,train
3030,train
3031,train
3032,train
3033,train
3034,train
3035,train
3036,train
3037,train
3038,train
3039,train
3040,train
3041,train
3042,train
3043,train
3044,train
3045,train
3046,train
3047,train
3048,train
3049,train
3050,train
3051,train
3052,train
3053,train
3054,train
3055,train
3056,train
3057,train
3058,train
3059,train
3060,train
3061,train
3062,train
3063,train
3064,train
3065,train
3066,train
3067,train
3068,train
3069,train
3070,train
3071,train
3072,train
3073,train
3074,train
3075,train
3076,train
3077,train
3078,train
3079,train
3080,train
3081,train
3082,train
3083,train
3084,train
3085,train
3086,train
3087,train
3088,train
3089,train
3090,train
3091,train
3092,train
3093,train
3094,train
3095,train
3096,train
3097,train
3098,train
3099,train
3100,train
3101,train
3102,train
3103,train
3104,train
3105,train
3106,train
3107,train
3108,train
3109,train
3110,train
3111,train
3112,train
3113,train
3114,train
3115,train
3116,train
3117,train
3118,train
3119,train
3120,train
3121,train
3122,train
3123,train
3124,train
3125,train
3126,train
3127,train
3128,train
3129,train
3130,train
3131,train
3132,train
3133,train
3134,train
3135,train
3136,train
3137,train
3138,train
3139,train
3140,train
3141,train
3142,train
3143,train
3144,train
3145,train
3146,train
3147,train
3148,train
3149,train
3150,train
3151,train
3152,train
3153,train
3154,train
3155,train
3156,train
3157,train
3158,train
3159,train
3160,train
3161,train
3162,train
3163,train
3164,train
3165,train
3166,train
3167,train
3168,train
3169,train
3170,train
3171,train
3172,train
3173,train
3174,train
3175,train
3176,train
3177,train
3178,train
3179,train
3180,train
3181,train
3182,train
3183,train
3184,train
3185,train
3186,train
3187,train
3188,train
3189,train
3190,train
3191,train
3192,train
3193,train
3194,train
3195,train
3196,train
3197,train
3198,train
3199,train
3200,train
3201,train
3202,train
3203,train
3204,train
3205,train
3206,train
3207,train
3208,train
3209,train
3210,train
3211,train
3212,train
3213,train
3214,train
3215,train
3216,train
3217,train
3218,train
3219,train
3220,train
3221,train
3222,train
3223,train
3224,train
3225,train
3226,train
3227,train
3228,train
3229,train
3230,train
3231,train
3232,train
3233,train
3234,train
3235,train
3236,train
3237,train
3238,train
3239,train
3240,train
3241,train
3242,train
3243,train
3244,train
3245,train
3246,train
3247,train
3248,train
3249,train
3250,train
3251,train
3252,train
3253,train
3254,train
3255,train
3256,train
3257,train
3258,train
3259,train
3260,train
3261,train
3262,train
3263,train
3264,train
3265,train
3266,train
3267,train
3268,train
3269,train
3270,train
3271,train
3272,train
3273,train
3274,train
3275,train
3276,train
3277,train
3278,train
3279,train
3280,train
3281,train
3282,train
3283,train
3284,train
3285,train
3286,train
3287,train
3288,train
3289,train
3290,train
3291,train
3292,train
3293,train
3294,train
3295,train
3296,train
3297,train
3298,train
3299,train
3300,train
3301,train
3302,train
3303,train
3304,train
3305,train
3306,train
3307,train
3308,train
3309,train
3310,train
3311,train
3312,train
3313,train
3314,train
3315,train
3316,train
3317,train
3318,train
3319,train
3320,train
3321,train
3322,train
3323,train
3324,train
3325,train
3326,train
3327,train
3328,train
3329,train
3330,train
3331,train
3332,train
3333,train
3334,train
3335,train
3336,train
3337,train
3338,train
3339,train
3340,train
3341,train
3342,train
3343,train
3344,train
3345,train
3346,train
3347,train
3348,train
3349,train
3350,train
3351,train
3352,train
3353,train
3354,train
3355,train
3356,train
3357,train
3358,train
3359,train
3360,train
3361,train
3362,train
3363,train
3364,train
3365,train
3366,train
3367,train
3368,train
3369,train
3370,train
3371,train
3372,train
3373,train
3374,train
3375,train
3376,train
3377,train
3378,train
3379,train
3380,train
3381,train
3382,train
3383,train
3384,train
3385,train
3386,train
3387,train
3388,train
3389,train
3390,train
3391,train
3392,train
3393,train
3394,train
3395,train
3396,train
3397,train
3398,train
3399,train
3400,train
3401,train
3402,train
3403,train
3404,train
3405,train
3406,train
3407,train
3408,train
3409,train
3410,train
3411,train
3412,train
3413,train
3414,train
3415,train
3416,train
3417,train
3418,train
3419,train
3420,train
3421,train
3422,train
3423,train
3424,train
3425,train
3426,train
3427,train
3428,train
3429,train
3430,train
3431,train
3432,train
3433,train
3434,train
3435,train
3436,train
3437,train
3438,train
3439,train
3440,train
3441,train
3442,train
3443,train
3444,train
3445,train
3446,train
3447,train
3448,train
3449,train
3450,train
3451,train
3452,train
3453,train
3454,train
3455,train
3456,train
3457,train
3458,train
3459,train
3460,train
3461,train
3462,train
3463,train
3464,train
3465,train
3466,train
3467,train
3468,train
3469,train
3470,train
3471,train
3472,train
3473,train
3474,train
3475,train
3476,train
3477,train
3478,train
3479,train
3480,train
3481,train
3482,train
3483,train
3484,train
3485,train
3486,train
3487,train
3488,train
3489,train
3490,train
3491,train
3492,train
3493,train
3494,train
3495,train
3496,train
3497,train
3498,train
3499,train
3500,train
3501,train
3502,train
3503,train
3504,train
3505,train
3506,train
3507,train
3508,train
3509,train
3510,train
3511,train
3512,train
3513,train
3514,train
3515,train
3516,train
3517,train
3518,train
3519,train
3520,train
3521,train
3522,train
3523,train
3524,train
3525,train
3526,train
3527,train
3528,train
3529,train
3530,train
3531,train
3532,train
3533,train
3534,train
3535,train
3536,train
3537,train
3538,train
3539,train
3540,train
3541,train
3542,train
3543,train
3544,train
3545,train
3546,train
3547,train
3548,train
3549,train
3550,train
3551,train
3552,train
3553,train
3554,train
3555,train
3556,train
3557,train
3558,train
3559,train
3560,train
3561,train
3562,train
3563,train
3564,train
3565,train
3566,train
3567,train
3568,train
3569,train
3570,train
3571,train
3572,train
3573,train
3574,train
3575,train
3576,train
3577,train
3578,train
3579,train
3580,train
3581,train
3582,train
3583,train
3584,train
3585,train
3586,train
3587,train
3588,train
3589,train
3590,train
3591,train
3592,train
3593,train
3594,train
3595,train
3596,train
3597,train
3598,train
3599,train
3600,train
3601,train
3602,train
3603,train
3604,train
3605,train
3606,train
3607,train
3608,train
3609,train
3610,train
3611,train
3612,train
3613,train
3614,train
3615,train
3616,train
3617,train
3618,train
3619,train
3620,train
3621,train
3622,train
3623,train
3624,train
3625,train
3626,train
3627,train
3628,train
3629,train
3630,train
3631,train
3632,train
3633,train
3634,train
3635,train
3636,train
3637,train
3638,train
3639,train
3640,train
3641,train
3642,train
3643,train
3644,train
3645,train
3646,train
3647,train
3648,train
3649,train
3650,train
3651,train
3652,train
3653,train
3654,train
3655,train
3656,train
3657,train
3658,train
3659,train
3660,train
3661,train
3662,train
3663,train
3664,train
3665,train
3666,train
3667,train
3668,train
3669,train
3670,train
3671,train
3672,train
3673,train
3674,train
3675,train
3676,train
3677,train
3678,train
3679,train
3680,train
3681,train
3682,train
3683,train
3684,train
3685,train
3686,train
3687,train
3688,train
3689,train
3690,train
3691,train
3692,train
3693,train
3694,train
3695,train
3696,train
3697,train
3698,train
3699,train
3700,train
3701,train
3702,train
3703,train
3704,train
3705,train
3706,train
3707,train
3708,train
3709,train
3710,train
3711,train
3712,train
3713,train
3714,train
3715,train
3716,train
3717,train
3718,train
3719,train
3720,train
3721,train
3722,train
3723,train
3724,train
3725,train
3726,train
3727,train
3728,train
3729,train
3730,train
3731,train
3732,train
3733,train
3734,train
3735,train
3736,train
3737,train
3738,train
3739,train
3740,train
3741,train
3742,train
3743,train
3744,train
3745,train
3746,train
3747,train
3748,train
3749,train
3750,train
3751,train
3752,train
3753,train
3754,train
3755,train
3756,train
3757,train
3758,train
3759,train
3760,train
3761,train
3762,train
3763,train
3764,train
3765,train
3766,train
3767,train
3768,train
3769,train
3770,train
3771,train
3772,train
3773,train
3774,train
3775,train
3776,train
3777,train
3778,train
3779,train
3780,train
3781,train
3782,train
3783,train
3784,train
3785,train
3786,train
3787,train
3788,train
3789,train
3790,train
3791,train
3792,train
3793,train
3794,train
3795,train
3796,train
3797,train
3798,train
3799,train
3800,train
3801,train
3802,train
3803,train
3804,train
3805,train
3806,train
3807,train
3808,train
3809,train
3810,train
3811,train
3812,train
3813,train
3814,train
3815,train
3816,train
3817,train
3818,train
3819,train
3820,train
3821,train
3822,train
3823,train
3824,train
3825,train
3826,train
3827,train
3828,train
3829,train
3830,train
3831,train
3832,train
3833,train
3834,train
3835,train
3836,train
3837,train
3838,train
3839,train
3840,train
3841,train
3842,train
3843,train
3844,train
3845,train
3846,train
3847,train
3848,train
3849,train
3850,train
3851,train
3852,train
3853,train
3854,train
3855,train
3856,train
3857,train
3858,train
3859,train
3860,train
3861,train
3862,train
3863,train
3864,train
3865,train
3866,train
3867,train
3868,train
3869,train
3870,train
3871,train
3872,train
3873,train
3874,train
3875,train
3876,train
3877,train
3878,train
3879,train
3880,train
3881,train
3882,train
3883,train
3884,train
3885,train
3886,train
3887,train
3888,train
3889,train
3890,train
3891,train
3892,train
3893,train
3894,train
3895,train
3896,train
3897,train
3898,train
3899,train
3900,train
3901,train
3902,train
3903,train
3904,train
3905,train
3906,train
3907,train
3908,train
3909,train
3910,train
3911,train
3912,train
3913,train
3914,train
3915,train
3916,train
3917,train
3918,train
3919,train
3920,train
3921,train
3922,train
3923,train
3924,train
3925,train
3926,train
3927,train
3928,train
3929,train
3930,train
3931,train
3932,train
3933,train
3934,train
3935,train
3936,train
3937,train
3938,train
3939,train
3940,train
3941,train
3942,train
3943,train
3944,train
3945,train
3946,train
3947,train
3948,train
3949,train
3950,train
3951,train
3952,train
3953,train
3954,train
3955,train
3956,train
3957,train
3958,train
3959,train
3960,train
3961,train
3962,train
3963,train
3964,train
3965,train
3966,train
3967,train
3968,train
3969,train
3970,train
3971,train
3972,train
3973,train
3974,train
3975,train
3976,train
3977,train
3978,train
3979,train
3980,train
3981,train
3982,train
3983,train
3984,train
3985,train
3986,train
3987,train
3988,train
3989,train
3990,train
3991,train
3992,train
3993,train
3994,train
3995,train
3996,train
3997,train
3998,train
3999,train
4000,train
4001,train
4002,train
4003,train
4004,train
4005,train
4006,train
4007,train
4008,train
4009,train
4010,train
4011,train
4012,train
4013,train
4014,train
4015,train
4016,train
4017,train
4018,train
4019,train
4020,train
4021,train
4022,train
4023,train
4024,train
4025,train
4026,train
4027,train
4028,train
4029,train
4030,train
4031,train
4032,train
4033,train
4034,train
4035,train
4036,train
4037,train
4038,train
4039,train
4040,train
4041,train
4042,train
4043,train
4044,train
4045,train
4046,train
4047,train
4048,train
4049,train
4050,train
4051,train
4052,train
4053,train
4054,train
4055,train
4056,train
4057,train
4058,train
4059,train
4060,train
4061,train
4062,train
4063,train
4064,train
4065,train
4066,train
4067,train
4068,train
4069,train
4070,train
4071,train
4072,train
4073,train
4074,train
4075,train
4076,train
4077,train
4078,train
4079,train
4080,train
4081,train
4082,train
4083,train
4084,train
4085,train
4086,train
4087,train
4088,train
4089,train
4090,train
4091,train
4092,train
4093,train
4094,train
4095,train
4096,train
4097,train
4098,train
4099,train
4100,train
4101,train
4102,train
4103,train
4104,train
4105,train
4106,train
4107,train
4108,train
4109,train
4110,train
4111,train
4112,train
4113,train
4114,train
4115,train
4116,train
4117,train
4118,train
4119,train
4120,train
4121,train
4122,train
4123,train
4124,train
4125,train
4126,train
4127,train
4128,train
4129,train
4130,train
4131,train
4132,train
4133,train
4134,train
4135,train
4136,train
4137,train
4138,train
4139,train
4140,train
4141,train
4142,train
4143,train
4144,train
4145,train
4146,train
4147,train
4148,train
4149,train
4150,train
4151,train
4152,train
4153,train
4154,train
4155,train
4156,train
4157,train
4158,train
4159,train
4160,train
4161,train
4162,train
4163,train
4164,train
4165,train
4166,train
4167,train
4168,train
4169,train
4170,train
4171,train
4172,train
4173,train
4174,train
4175,train
4176,train
4177,train
4178,train
4179,train
4180,train
4181,train
4182,train
4183,train
4184,train
4185,train
4186,train
4187,train
4188,train
4189,train
4190,train
4191,train
4192,train
4193,train
4194,train
4195,train
4196,train
4197,train
4198,train
4199,train
4200,train
4201,train
4202,train
4203,train
4204,train
4205,train
4206,train
4207,train
4208,train
4209,train
4210,train
4211,train
4212,train
4213,train
4214,train
4215,train
4216,train
4217,train
4218,train
4219,train
4220,train
4221,train
4222,train
4223,train
4224,train
4225,train
4226,train
4227,train
4228,train
4229,train
4230,train
4231,train
4232,train
4233,train
4234,train
4235,train
4236,train
4237,train
4238,train
4239,train
4240,train
4241,train
4242,train
4243,train
4244,train
4245,train
4246,train
4247,train
4248,train
4249,train
4250,train
4251,train
4252,train
4253,train
4254,train
4255,train
4256,train
4257,train
4258,train
4259,train
4260,train
4261,train
4262,train
4263,train
4264,train
4265,train
4266,train
4267,train
4268,train
4269,train
4270,train
4271,train
4272,train
4273,train
4274,train
4275,train
4276,train
4277,train
4278,train
4279,train
4280,train
4281,train
4282,train
4283,train
4284,train
4285,train
4286,train
4287,train
4288,train
4289,train
4290,train
4291,train
4292,train
4293,train
4294,train
4295,train
4296,train
4297,train
4298,train
4299,train
4300,train
4301,train
4302,train
4303,train
4304,train
4305,train
4306,train
4307,train
4308,train
4309,train
4310,train
4311,train
4312,train
4313,train
4314,train
4315,train
4316,train
4317,train
4318,train
4319,train
4320,train
4321,train
4322,train
4323,train
4324,train
4325,train
4326,train
4327,train
4328,train
4329,train
4330,train
4331,train
4332,train
4333,train
4334,train
4335,train
4336,train
4337,train
4338,train
4339,train
4340,train
4341,train
4342,train
4343,train
4344,train
4345,train
4346,train
4347,train
4348,train
4349,train
4350,train
4351,train
4352,train
4353,train
4354,train
4355,train
4356,train
4357,train
4358,train
4359,train
4360,train
4361,train
4362,train
4363,train
4364,train
4365,train
4366,train
4367,train
4368,train
4369,train
4370,train
4371,train
4372,train
4373,train
4374,train
4375,train
4376,train
4377,train
4378,train
4379,train
4380,train
4381,train
4382,train
4383,train
4384,train
4385,train
4386,train
4387,train
4388,train
4389,train
4390,train
4391,train
4392,train
4393,train
4394,train
4395,train
4396,train
4397,train
4398,train
4399,train
4400,train
4401,train
4402,train
4403,train
4404,train
4405,train
4406,train
4407,train
4408,train
4409,train
4410,train
4411,train
4412,train
4413,train
4414,train
4415,train
4416,train
4417,train
4418,train
4419,train
4420,train
4421,train
4422,train
4423,train
4424,train
4425,train
4426,train
4427,train
4428,train
4429,train
4430,train
4431,train
4432,train
4433,train
4434,train
4435,train
4436,train
4437,train
4438,train
4439,train
4440,train
4441,train
4442,train
4443,train
4444,train
4445,train
4446,train
4447,train
4448,train
4449,train
4450,train
4451,train
4452,train
4453,train
4454,train
4455,train
4456,train
4457,train
4458,train
4459,train
4460,train
4461,train
4462,train
4463,train
4464,train
4465,train
4466,train
4467,train
4468,train
4469,train
4470,train
4471,train
4472,train
4473,train
4474,train
4475,train
4476,train
4477,train
4478,train
4479,train
4480,train
4481,train
4482,train
4483,train
4484,train
4485,train
4486,train
4487,train
4488,train
4489,train
4490,train
4491,train
4492,train
4493,train
4494,train
4495,train
4496,train
4497,train
4498,train
4499,train
4500,train
4501,train
4502,train
4503,train
4504,train
4505,train
4506,train
4507,train
4508,train
4509,train
4510,train
4511,train
4512,train
4513,train
4514,train
4515,train
4516,train
4517,train
4518,train
4519,train
4520,train
4521,train
4522,train
4523,train
4524,train
4525,train
4526,train
4527,train
4528,train
4529,train
4530,train
4531,train
4532,train
4533,train
4534,train
4535,train
4536,train
4537,train
4538,train
4539,train
4540,train
4541,train
4542,train
4543,train
4544,train
4545,train
4546,train
4547,train
4548,train
4549,train
4550,train
4551,train
4552,train
4553,train
4554,train
4555,train
4556,train
4557,train
4558,train
4559,train
4560,train
4561,train
4562,train
4563,train
4564,train
4565,train
4566,train
4567,train
4568,train
4569,train
4570,train
4571,train
4572,train
4573,train
4574,train
4575,train
4576,train
4577,train
4578,train
4579,train
4580,train
4581,train
4582,train
4583,train
4584,train
4585,train
4586,train
4587,train
4588,train
4589,train
4590,train
4591,train
4592,train
4593,train
4594,train
4595,train
4596,train
4597,train
4598,train
4599,train
4600,train
4601,train
4602,train
4603,train
4604,train
4605,train
4606,train
4607,train
4608,train
4609,train
4610,train
4611,train
4612,train
4613,train
4614,train
4615,train
4616,train
4617,train
4618,train
4619,train
4620,train
4621,train
4622,train
4623,train
4624,train
4625,train
4626,train
4627,train
4628,train
4629,train
4630,train
4631,train
4632,train
4633,train
4634,train
4635,train
4636,train
4637,train
4638,train
4639,train
4640,train
4641,train
4642,train
4643,train
4644,train
4645,train
4646,train
4647,train
4648,train
4649,train
4650,train
4651,train
4652,train
4653,train
4654,train
4655,train
4656,train
4657,train
4658,train
4659,train
4660,train
4661,train
4662,train
4663,train
4664,train
4665,train
4666,train
4667,train
4668,train
4669,train
4670,train
4671,train
4672,train
4673,train
4674,train
4675,train
4676,train
4677,train
4678,train
4679,train
4680,train
4681,train
4682,train
4683,train
4684,train
4685,train
4686,train
4687,train
4688,train
4689,train
4690,train
4691,train
4692,train
4693,train
4694,train
4695,train
4696,train
4697,train
4698,train
4699,train
4700,train
4701,train
4702,train
4703,train
4704,train
4705,train
4706,train
4707,train
4708,train
4709,train
4710,train
4711,train
4712,train
4713,train
4714,train
4715,train
4716,train
4717,train
4718,train
4719,train
4720,train
4721,train
4722,train
4723,train
4724,train
4725,train
4726,train
4727,train
4728,train
4729,train
4730,train
4731,train
4732,train
4733,train
4734,train
4735,train
4736,train
4737,train
4738,train
4739,train
4740,train
4741,train
4742,train
4743,train
4744,train
4745,train
4746,train
4747,train
4748,train
4749,train
4750,train
4751,train
4752,train
4753,train
4754,train
4755,train
4756,train
4757,train
4758,train
4759,train
4760,train
4761,train
4762,train
4763,train
4764,train
4765,train
4766,train
4767,train
4768,train
4769,train
4770,train
4771,train
4772,train
4773,train
4774,train
4775,train
4776,train
4777,train
4778,train
4779,train
4780,train
4781,train
4782,train
4783,train
4784,train
4785,train
4786,train
4787,train
4788,train
4789,train
4790,train
4791,train
4792,train
4793,train
4794,train
4795,train
4796,train
4797,train
4798,train
4799,train
4800,train
4801,train
4802,train
4803,train
4804,train
4805,train
4806,train
4807,train
4808,train
4809,train
4810,train
4811,train
4812,train
4813,train
4814,train
4815,train
4816,train
4817,train
4818,train
4819,train
4820,train
4821,train
4822,train
4823,train
4824,train
4825,train
4826,train
4827,train
4828,train
4829,train
4830,train
4831,train
4832,train
4833,train
4834,train
4835,train
4836,train
4837,train
4838,train
4839,train
4840,train
4841,train
4842,train
4843,train
4844,train
4845,train
4846,train
4847,train
4848,train
4849,train
4850,train
4851,train
4852,train
4853,train
4854,train
4855,train
4856,train
4857,train
4858,train
4859,train
4860,train
4861,train
4862,train
4863,train
4864,train
4865,train
4866,train
4867,train
4868,train
4869,train
4870,train
4871,train
4872,train
4873,train
4874,train
4875,train
4876,train
4877,train
4878,train
4879,train
4880,train
4881,train
4882,train
4883,train
4884,train
4885,train
4886,train
4887,train
4888,train
4889,train
4890,train
4891,train
4892,train
4893,train
4894,train
4895,train
4896,train
4897,train
4898,train
4899,train
4900,train
4901,train
4902,train
4903,train
4904,train
4905,train
4906,train
4907,train
4908,train
4909,train
4910,train
4911,train
4912,train
4913,train
4914,train
4915,train
4916,train
4917,train
4918,train
4919,train
4920,train
4921,train
4922,train
4923,train
4924,train
4925,train
4926,train
4927,train
4928,train
4929,train
4930,train
4931,train
4932,train
4933,train
4934,train
4935,train
4936,train
4937,train
4938,train
4939,train
4940,train
4941,train
4942,train
4943,train
4944,train
4945,train
4946,train
4947,train
4948,train
4949,train
4950,train
4951,train
4952,train
4953,train
4954,train
4955,train
4956,train
4957,train
4958,train
4959,train
4960,train
4961,train
4962,train
4963,train
4964,train
4965,train
4966,train
4967,train
4968,train
4969,train
4970,train
4971,train
4972,train
4973,train
4974,train
4975,train
4976,train
4977,train
4978,train
4979,train
4980,train
4981,train
4982,train
4983,train
4984,train
4985,train
4986,train
4987,train
4988,train
4989,train
4990,train
4991,train
4992,train
4993,train
4994,train
4995,train
4996,train
4997,train
4998,train
4999,train
5000,train
5001,train
5002,train
5003,train
5004,train
5005,train
5006,train
5007,train
5008,train
5009,train
5010,train
5011,train
5012,train
5013,train
5014,train
5015,train
5016,train
5017,train
5018,train
5019,train
5020,train
5021,train
5022,train
5023,train
5024,train
5025,train
5026,train
5027,train
5028,train
5029,train
5030,train
5031,train
5032,train
5033,train
5034,train
5035,train
5036,train
5037,train
5038,train
5039,train
5040,train
5041,train
5042,train
5043,train
5044,train
5045,train
5046,train
5047,train
5048,train
5049,train
5050,train
5051,train
5052,train
5053,train
5054,train
5055,train
5056,train
5057,train
5058,train
5059,train
5060,train
5061,train
5062,train
5063,train
5064,train
5065,train
5066,train
5067,train
5068,train
5069,train
5070,train
5071,train
5072,train
5073,train
5074,train
5075,train
5076,train
5077,train
5078,train
5079,train
5080,train
5081,train
5082,train
5083,train
5084,train
5085,train
5086,train
5087,train
5088,train
5089,train
5090,train
5091,train
5092,train
5093,train
5094,train
5095,train
5096,train
5097,train
5098,train
5099,train
5100,train
5101,train
5102,train
5103,train
5104,train
5105,train
5106,train
5107,train
5108,train
5109,train
5110,train
5111,train
5112,train
5113,train
5114,train
5115,train
5116,train
5117,train
5118,train
5119,train
5120,train
5121,train
5122,train
5123,train
5124,train
5125,train
5126,train
5127,train
5128,train
5129,train
5130,train
5131,train
5132,train
5133,train
5134,train
5135,train
5136,train
5137,train
5138,train
5139,train
5140,train
5141,train
5142,train
5143,train
5144,train
5145,train
5146,train
5147,train
5148,train
5149,train
5150,train
5151,train
5152,train
5153,train
5154,train
5155,train
5156,train
5157,train
5158,train
5159,train
5160,train
5161,train
5162,train
5163,train
5164,train
5165,train
5166,train
5167,train
5168,train
5169,train
5170,train
5171,train
5172,train
5173,train
5174,train
5175,train
5176,train
5177,train
5178,train
5179,train
5180,train
5181,train
5182,train
5183,train
5184,train
5185,train
5186,train
5187,train
5188,train
5189,train
5190,train
5191,train
5192,train
5193,train
5194,train
5195,train
5196,train
5197,train
5198,train
5199,train
5200,train
5201,train
5202,train
5203,train
5204,train
5205,train
5206,train
5207,train
5208,train
5209,train
5210,train
5211,train
5212,train
5213,train
5214,train
5215,train
5216,train
5217,train
5218,train
5219,train
5220,train
5221,train
5222,train
5223,train
5224,train
5225,train
5226,train
5227,train
5228,train
5229,train
5230,train
5231,train
5232,train
5233,train
5234,train
5235,train
5236,train
5237,train
5238,train
5239,train
5240,train
5241,train
5242,train
5243,train
5244,train
5245,train
5246,train
5247,train
5248,train
5249,train
5250,train
5251,train
5252,train
5253,train
5254,train
5255,train
5256,train
5257,train
5258,train
5259,train
5260,train
5261,train
5262,train
5263,train
5264,train
5265,train
5266,train
5267,train
5268,train
5269,train
5270,train
5271,train
5272,train
5273,train
5274,train
5275,train
5276,train
5277,train
5278,train
5279,train
5280,train
5281,train
5282,train
5283,train
5284,train
5285,train
5286,train
5287,train
5288,train
5289,train
5290,train
5291,train
5292,train
5293,train
5294,train
5295,train
5296,train
5297,train
5298,train
5299,train
5300,train
5301,train
5302,train
5303,train
5304,train
5305,train
5306,train
5307,train
5308,train
5309,train
5310,train
5311,train
5312,train
5313,train
5314,train
5315,train
5316,train
5317,train
5318,train
5319,train
5320,train
5321,train
5322,train
5323,train
5324,train
5325,train
5326,train
5327,train
5328,train
5329,train
5330,train
5331,train
5332,train
5333,train
5334,train
5335,train
5336,train
5337,train
5338,train
5339,train
5340,train
5341,train
5342,train
5343,train
5344,train
5345,train
5346,train
5347,train
5348,train
5349,train
5350,train
5351,train
5352,train
5353,train
5354,train
5355,train
5356,train
5357,train
5358,train
5359,train
5360,train
5361,train
5362,train
5363,train
5364,train
5365,train
5366,train
5367,train
5368,train
5369,train
5370,train
5371,train
5372,train
5373,train
5374,train
5375,train
5376,train
5377,train
5378,train
5379,train
5380,train
5381,train
5382,train
5383,train
5384,train
5385,train
5386,train
5387,train
5388,train
5389,train
5390,train
5391,train
5392,train
5393,train
5394,train
5395,train
5396,train
5397,train
5398,train
5399,train
5400,train
5401,train
5402,train
5403,train
5404,train
5405,train
5406,train
5407,train
5408,train
5409,train
5410,train
5411,train
5412,train
5413,train
5414,train
5415,train
5416,train
5417,train
5418,train
5419,train
5420,train
5421,train
5422,train
5423,train
5424,train
5425,train
5426,train
5427,train
5428,train
5429,train
5430,train
5431,train
5432,train
5433,train
5434,train
5435,train
5436,train
5437,train
5438,train
5439,train
5440,train
5441,train
5442,train
5443,train
5444,train
5445,train
5446,train
5447,train
5448,train
5449,train
5450,train
5451,train
5452,train
5453,train
5454,train
5455,train
5456,train
5457,train
5458,train
5459,train
5460,train
5461,train
5462,train
5463,train
5464,train
5465,train
5466,train
5467,train
5468,train
5469,train
5470,train
5471,train
5472,train
5473,train
5474,train
5475,train
5476,train
5477,train
5478,train
5479,train
5480,train
5481,train
5482,train
5483,train
5484,train
5485,train
5486,train
5487,train
5488,train
5489,train
5490,train
5491,train
5492,train
5493,train
5494,train
5495,train
5496,train
5497,train
5498,train
5499,train
5500,train
5501,train
5502,train
5503,train
5504,train
5505,train
5506,train
5507,train
5508,train
5509,train
5510,train
5511,train
5512,train
5513,train
5514,train
5515,train
5516,train
5517,train
5518,train
5519,train
5520,train
5521,train
5522,train
5523,train
5524,train
5525,train
5526,train
5527,train
5528,train
5529,train
5530,train
5531,train
5532,train
5533,train
5534,train
5535,train
5536,train
5537,train
5538,train
5539,train
5540,train
5541,train
5542,train
5543,train
5544,train
5545,train
5546,train
5547,train
5548,train
5549,train
5550,train
5551,train
5552,train
5553,train
5554,train
5555,train
5556,train
5557,train
5558,train
5559,train
5560,train
5561,train
5562,train
5563,train
5564,train
5565,train
5566,train
5567,train
5568,train
5569,train
5570,train
5571,train
5572,train
5573,train
5574,val
5575,val
5576,val
5577,val
5578,val
5579,val
5580,val
5581,val
5582,val
5583,val
5584,val
5585,val
5586,val
5587,val
5588,val
5589,val
5590,val
5591,val
5592,val
5593,val
5594,val
5595,val
5596,val
5597,val
5598,val
5599,val
5600,val
5601,val
5602,val
5603,val
5604,val
5605,val
5606,val
5607,val
5608,val
5609,val
5610,val
5611,val
5612,val
5613,val
5614,val
5615,val
5616,val
5617,val
5618,val
5619,val
5620,val
5621,val
5622,val
5623,val
5624,val
5625,val
5626,val
5627,val
5628,val
5629,val
5630,val
5631,val
5632,val
5633,val
5634,val
5635,val
5636,val
5637,val
5638,val
5639,val
5640,val
5641,val
5642,val
5643,val
5644,val
5645,val
5646,val
5647,val
5648,val
5649,val
5650,val
5651,val
5652,val
5653,val
5654,val
5655,val
5656,val
5657,val
5658,val
5659,val
5660,val
5661,val
5662,val
5663,val
5664,val
5665,val
5666,val
5667,val
5668,val
5669,val
5670,val
5671,val
5672,val
5673,val
5674,val
5675,val
5676,val
5677,val
5678,val
5679,val
5680,val
5681,val
5682,val
5683,val
5684,val
5685,val
5686,val
5687,val
5688,val
5689,val
5690,val
5691,val
5692,val
5693,val
5694,val
5695,val
5696,val
5697,val
5698,val
5699,val
5700,val
5701,val
5702,val
5703,val
5704,val
5705,val
5706,val
5707,val
5708,val
5709,val
5710,val
5711,val
5712,val
5713,val
5714,val
5715,val
5716,val
5717,val
5718,val
5719,val
5720,val
5721,val
5722,val
5723,val
5724,val
5725,val
5726,val
5727,val
5728,val
5729,val
5730,val
5731,val
5732,val
5733,val
5734,val
5735,val
5736,val
5737,val
5738,val
5739,val
5740,val
5741,val
5742,val
5743,val
5744,val
5745,val
5746,val
5747,val
5748,val
5749,val
5750,val
5751,val
5752,val
5753,val
5754,val
5755,val
5756,val
5757,val
5758,val
5759,val
5760,val
5761,val
5762,val
5763,val
5764,val
5765,val
5766,val
5767,val
5768,val
5769,val
5770,val
5771,val
5772,val
5773,val
5774,val
5775,val
5776,val
5777,val
5778,val
5779,val
5780,val
5781,val
5782,val
5783,val
5784,val
5785,val
5786,val
5787,val
5788,val
5789,val
5790,val
5791,val
5792,val
5793,val
5794,val
5795,val
5796,val
5797,val
5798,val
5799,val
5800,val
5801,val
5802,val
5803,val
5804,val
5805,val
5806,val
5807,val
5808,val
5809,val
5810,val
5811,val
5812,val
5813,val
5814,val
5815,val
5816,val
5817,val
5818,val
5819,val
5820,val
5821,val
5822,val
5823,val
5824,val
5825,val
5826,val
5827,val
5828,val
5829,val
5830,val
5831,val
5832,val
5833,val
5834,val
5835,val
5836,val
5837,val
5838,val
5839,val
5840,val
5841,val
5842,val
5843,val
5844,val
5845,val
5846,val
5847,val
5848,val
5849,val
5850,val
5851,val
5852,val
5853,val
5854,val
5855,val
5856,val
5857,val
5858,val
5859,val
5860,val
5861,val
5862,val
5863,val
5864,val
5865,val
5866,val
5867,val
5868,val
5869,val
5870,val
5871,val
5872,val
5873,val
5874,val
5875,val
5876,val
5877,val
5878,val
5879,val
5880,val
5881,val
5882,val
5883,val
5884,val
5885,val
5886,val
5887,val
5888,val
5889,val
5890,val
5891,val
5892,val
5893,val
5894,val
5895,val
5896,val
5897,val
5898,val
5899,val
5900,val
5901,val
5902,val
5903,val
5904,val
5905,val
5906,val
5907,val
5908,val
5909,val
5910,val
5911,val
5912,val
5913,val
5914,val
5915,val
5916,val
5917,val
5918,val
5919,val
5920,val
5921,val
5922,val
5923,val
5924,val
5925,val
5926,val
5927,val
5928,val
5929,val
5930,val
5931,val
5932,val
5933,val
5934,val
5935,val
5936,val
5937,val
5938,val
5939,val
5940,val
5941,val
5942,val
5943,val
5944,val
5945,val
5946,val
5947,val
5948,val
5949,val
5950,val
5951,val
5952,val
5953,val
5954,val
5955,val
5956,val
5957,val
5958,val
5959,val
5960,val
5961,val
5962,val
5963,val
5964,val
5965,val
5966,val
5967,val
5968,val
5969,val
5970,val
5971,val
5972,val
5973,val
5974,val
5975,val
5976,val
5977,val
5978,val
5979,val
5980,val
5981,val
5982,val
5983,val
5984,val
5985,val
5986,val
5987,val
5988,val
5989,val
5990,val
5991,val
5992,val
5993,val
5994,val
5995,val
5996,val
5997,val
5998,val
5999,val
6000,val
6001,val
6002,val
6003,val
6004,val
6005,val
6006,val
6007,val
6008,val
6009,val
6010,val
6011,val
6012,val
6013,val
6014,val
6015,val
6016,val
6017,val
6018,val
6019,val
6020,val
6021,val
6022,val
6023,val
6024,val
6025,val
6026,val
6027,val
6028,val
6029,val
6030,val
6031,val
6032,val
6033,val
6034,val
6035,val
6036,val
6037,val
6038,val
6039,val
6040,val
6041,val
6042,val
6043,val
6044,val
6045,val
6046,val
6047,val
6048,val
6049,val
6050,val
6051,val
6052,val
6053,val
6054,val
6055,val
6056,val
6057,val
6058,val
6059,val
6060,val
6061,val
6062,val
6063,val
6064,val
6065,val
6066,val
6067,val
6068,val
6069,val
6070,val
6071,val
6072,val
6073,val
6074,val
6075,val
6076,val
6077,val
6078,val
6079,val
6080,val
6081,val
6082,val
6083,val
6084,val
6085,val
6086,val
6087,val
6088,val
6089,val
6090,val
6091,val
6092,val
6093,val
6094,val
6095,val
6096,val
6097,val
6098,val
6099,val
6100,val
6101,val
6102,val
6103,val
6104,val
6105,val
6106,val
6107,val
6108,val
6109,val
6110,val
6111,val
6112,val
6113,val
6114,val
6115,val
6116,val
6117,val
6118,val
6119,val
6120,val
6121,val
6122,val
6123,val
6124,val
6125,val
6126,val
6127,val
6128,val
6129,val
6130,val
6131,val
6132,val
6133,val
6134,val
6135,val
6136,val
6137,val
6138,val
6139,val
6140,val
6141,val
6142,val
6143,val
6144,val
6145,val
6146,val
6147,val
6148,val
6149,val
6150,val
6151,val
6152,val
6153,val
6154,val
6155,val
6156,val
6157,val
6158,val
6159,val
6160,val
6161,val
6162,val
6163,val
6164,val
6165,val
6166,val
6167,val
6168,val
6169,val
6170,val
6171,val
6172,val
6173,val
6174,val
6175,val
6176,val
6177,val
6178,val
6179,val
6180,val
6181,val
6182,val
6183,val
6184,val
6185,val
6186,val
6187,val
6188,val
6189,val
6190,val
6191,val
6192,val
6193,val
6194,val
6195,val
6196,val
6197,val
6198,val
6199,val
6200,val
6201,val
6202,val
6203,val
6204,val
6205,val
6206,val
6207,val
6208,val
6209,val
6210,val
6211,val
6212,val
6213,val
6214,val
6215,val
6216,val
6217,val
6218,val
6219,val
6220,val
6221,val
6222,val
6223,val
6224,val
6225,val
6226,val
6227,val
6228,val
6229,val
6230,val
6231,val
6232,val
6233,val
6234,val
6235,val
6236,val
6237,val
6238,val
6239,val
6240,val
6241,val
6242,val
6243,val
6244,val
6245,val
6246,val
6247,val
6248,val
6249,val
6250,val
6251,val
6252,val
6253,val
6254,val
6255,val
6256,val
6257,val
6258,val
6259,val
6260,val
6261,val
6262,val
6263,val
6264,val
6265,val
6266,val
6267,val
6268,val
6269,val
6270,val
6271,val
6272,val
6273,val
6274,val
6275,val
6276,val
6277,val
6278,val
6279,val
6280,val
6281,val
6282,val
6283,val
6284,val
6285,val
6286,val
6287,val
6288,val
6289,val
6290,val
6291,val
6292,val
6293,val
6294,val
6295,val
6296,val
6297,val
6298,val
6299,val
6300,val
6301,val
6302,val
6303,val
6304,val
6305,val
6306,val
6307,val
6308,val
6309,val
6310,val
6311,val
6312,val
6313,val
6314,val
6315,val
6316,val
6317,val
6318,val
6319,val
6320,val
6321,val
6322,val
6323,val
6324,val
6325,val
6326,val
6327,val
6328,val
6329,val
6330,val
6331,val
6332,val
6333,val
6334,val
6335,val
6336,val
6337,val
6338,val
6339,val
6340,val
6341,val
6342,val
6343,val
6344,val
6345,val
6346,val
6347,val
6348,val
6349,val
6350,val
6351,val
6352,val
6353,val
6354,val
6355,val
6356,val
6357,val
6358,val
6359,val
6360,val
6361,val
6362,val
6363,val
6364,val
6365,val
6366,val
6367,val
6368,val
6369,val
6370,val
6371,val
6372,val
6373,val
6374,val
6375,val
6376,val
6377,val
6378,val
6379,val
6380,val
6381,val
6382,val
6383,val
6384,val
6385,val
6386,val
6387,val
6388,val
6389,val
6390,val
6391,val
6392,val
6393,val
6394,val
6395,val
6396,val
6397,val
6398,val
6399,val
6400,val
6401,val
6402,val
6403,val
6404,val
6405,val
6406,val
6407,val
6408,val
6409,val
6410,val
6411,val
6412,val
6413,val
6414,val
6415,val
6416,val
6417,val
6418,val
6419,val
6420,val
6421,val
6422,val
6423,val
6424,val
6425,val
6426,val
6427,val
6428,val
6429,val
6430,val
6431,val
6432,val
6433,val
6434,val
6435,val
6436,val
6437,val
6438,val
6439,val
6440,val
6441,val
6442,val
6443,val
6444,val
6445,val
6446,val
6447,val
6448,val
6449,val
6450,val
6451,val
6452,val
6453,val
6454,val
6455,val
6456,val
6457,val
6458,val
6459,val
6460,val
6461,val
6462,val
6463,val
6464,val
6465,val
6466,val
6467,val
6468,val
6469,val
6470,val
6471,val
6472,val
6473,val
6474,val
6475,val
6476,val
6477,val
6478,val
6479,val
6480,val
6481,val
6482,val
6483,val
6484,val
6485,val
6486,val
6487,val
6488,val
6489,val
6490,val
6491,val
6492,val
6493,val
6494,val
6495,val
6496,val
6497,val
6498,val
6499,val
6500,val
6501,val
6502,val
6503,val
6504,val
6505,val
6506,val
6507,val
6508,val
6509,val
6510,val
6511,val
6512,val
6513,val
6514,val
6515,val
6516,val
6517,val
6518,val
6519,val
6520,val
6521,val
6522,val
6523,val
6524,val
6525,val
6526,val
6527,val
6528,val
6529,val
6530,val
6531,val
6532,val
6533,val
6534,val
6535,val
6536,val
6537,val
6538,val
6539,val
6540,val
6541,val
6542,val
6543,val
6544,val
6545,val
6546,val
6547,val
6548,val
6549,val
6550,val
6551,val
6552,val
6553,val
6554,val
6555,val
6556,val
6557,val
6558,val
6559,val
6560,val
6561,val
6562,val
6563,val
6564,val
6565,val
6566,val
6567,val
6568,val
6569,val
6570,val
6571,val
6572,val
6573,val
6574,val
6575,val
6576,val
6577,val
6578,val
6579,val
6580,val
6581,val
6582,val
6583,val
6584,val
6585,val
6586,val
6587,val
6588,val
6589,val
6590,val
6591,val
6592,val
6593,val
6594,val
6595,val
6596,val
6597,val
6598,val
6599,val
6600,val
6601,val
6602,val
6603,val
6604,val
6605,val
6606,val
6607,val
6608,val
6609,val
6610,val
6611,val
6612,val
6613,val
6614,val
6615,val
6616,val
6617,val
6618,val
6619,val
6620,val
6621,val
6622,val
6623,val
6624,val
6625,val
6626,val
6627,val
6628,val
6629,val
6630,val
6631,val
6632,val
6633,val
6634,val
6635,val
6636,val
6637,val
6638,val
6639,val
6640,val
6641,val
6642,val
6643,val
6644,val
6645,val
6646,val
6647,val
6648,val
6649,val
6650,val
6651,val
6652,val
6653,val
6654,val
6655,val
6656,val
6657,val
6658,val
6659,val
6660,val
6661,val
6662,val
6663,val
6664,val
6665,val
6666,val
6667,val
6668,val
6669,val
6670,val
6671,val
6672,val
6673,val
6674,val
6675,val
6676,val
6677,val
6678,val
6679,val
6680,val
6681,val
6682,val
6683,val
6684,val
6685,val
6686,val
6687,val
6688,val
6689,val
6690,val
6691,val
6692,val
6693,val
6694,val
6695,val
6696,val
6697,val
6698,val
6699,val
6700,val
6701,val
6702,val
6703,val
6704,val
6705,val
6706,val
6707,val
6708,val
6709,val
6710,val
6711,val
6712,val
6713,val
6714,val
6715,val
6716,val
6717,val
6718,val
6719,val
6720,val
6721,val
6722,val
6723,val
6724,val
6725,val
6726,val
6727,val
6728,val
6729,val
6730,val
6731,val
6732,val
6733,val
6734,val
6735,val
6736,val
6737,val
6738,val
6739,val
6740,val
6741,val
6742,val
6743,val
6744,val
6745,val
6746,val
6747,val
6748,val
6749,val
6750,val
6751,val
6752,val
6753,val
6754,val
6755,val
6756,val
6757,val
6758,val
6759,val
6760,val
6761,val
6762,val
6763,val
6764,val
6765,val
6766,val
6767,val
6768,val
6769,val
6770,val
6771,val
6772,val
6773,val
6774,val
6775,val
6776,val
6777,val
6778,val
6779,val
6780,val
6781,val
6782,val
6783,val
6784,val
6785,val
6786,val
6787,val
6788,val
6789,val
6790,val
6791,val
6792,val
6793,val
6794,val
6795,val
6796,val
6797,val
6798,val
6799,val
6800,val
6801,val
6802,val
6803,val
6804,val
6805,val
6806,val
6807,val
6808,val
6809,val
6810,val
6811,val
6812,val
6813,val
6814,val
6815,val
6816,val
6817,val
6818,val
6819,val
6820,val
6821,val
6822,val
6823,val
6824,val
6825,val
6826,val
6827,val
6828,val
6829,val
6830,val
6831,val
6832,val
6833,val
6834,val
6835,val
6836,val
6837,val
6838,val
6839,val
6840,val
6841,val
6842,val
6843,val
6844,val
6845,val
6846,val
6847,val
6848,val
6849,val
6850,val
6851,val
6852,val
6853,val
6854,val
6855,val
6856,val
6857,val
6858,val
6859,val
6860,val
6861,val
6862,val
6863,val
6864,val
6865,val
6866,val
6867,val
6868,val
6869,val
6870,val
6871,val
6872,val
6873,val
6874,val
6875,val
6876,val
6877,val
6878,val
6879,val
6880,val
6881,val
6882,val
6883,val
6884,val
6885,val
6886,val
6887,val
6888,val
6889,val
6890,val
6891,val
6892,val
6893,val
6894,val
6895,val
6896,val
6897,val
6898,val
6899,val
6900,val
6901,val
6902,val
6903,val
6904,val
6905,val
6906,val
6907,val
6908,val
6909,val
6910,val
6911,val
6912,val
6913,val
6914,val
6915,val
6916,val
6917,val
6918,val
6919,val
6920,val
6921,val
6922,val
6923,val
6924,val
6925,val
6926,val
6927,val
6928,val
6929,val
6930,val
6931,val
6932,val
6933,val
6934,val
6935,val
6936,val
6937,val
6938,val
6939,val
6940,val
6941,val
6942,val
6943,val
6944,val
6945,val
6946,val
6947,val
6948,val
6949,val
6950,val
6951,val
6952,val
6953,val
6954,val
6955,val
6956,val
6957,val
6958,val
6959,test
6960,test
6961,test
6962,test
6963,test
6964,test
6965,test
6966,test
6967,test
6968,test
6969,test
6970,test
6971,test
6972,test
6973,test
6974,test
6975,test
6976,test
6977,test
6978,test
6979,test
6980,test
6981,test
6982,test
6983,test
6984,test
6985,test
6986,test
6987,test
6988,test
6989,test
6990,test
6991,test
6992,test
6993,test
6994,test
6995,test
6996,test
6997,test
6998,test
6999,test
7000,test
7001,test
7002,test
7003,test
7004,test
7005,test
7006,test
7007,test
7008,test
7009,test
7010,test
7011,test
7012,test
7013,test
7014,test
7015,test
7016,test
7017,test
7018,test
7019,test
7020,test
7021,test
7022,test
7023,test
7024,test
7025,test
7026,test
7027,test
7028,test
7029,test
7030,test
7031,test
7032,test
7033,test
7034,test
7035,test
7036,test
7037,test
7038,test
7039,test
7040,test
7041,test
7042,test
7043,test
7044,test
7045,test
7046,test
7047,test
7048,test
7049,test
7050,test
7051,test
7052,test
7053,test
7054,test
7055,test
7056,test
7057,test
7058,test
7059,test
7060,test
7061,test
7062,test
7063,test
7064,test
7065,test
7066,test
7067,test
7068,test
7069,test
7070,test
7071,test
7072,test
7073,test
7074,test
7075,test
7076,test
7077,test
7078,test
7079,test
7080,test
7081,test
7082,test
7083,test
7084,test
7085,test
7086,test
7087,test
7088,test
7089,test
7090,test
7091,test
7092,test
7093,test
7094,test
7095,test
7096,test
7097,test
7098,test
7099,test
7100,test
7101,test
7102,test
7103,test
7104,test
7105,test
7106,test
7107,test
7108,test
7109,test
7110,test
7111,test
7112,test
7113,test
7114,test
7115,test
7116,test
7117,test
7118,test
7119,test
7120,test
7121,test
7122,test
7123,test
7124,test
7125,test
7126,test
7127,test
7128,test
7129,test
7130,test
7131,test
7132,test
7133,test
7134,test
7135,test
7136,test
7137,test
7138,test
7139,test
7140,test
7141,test
7142,test
7143,test
7144,test
7145,test
7146,test
7147,test
7148,test
7149,test
7150,test
7151,test
7152,test
7153,test
7154,test
7155,test
7156,test
7157,test
7158,test
7159,test
7160,test
7161,test
7162,test
7163,test
7164,test
7165,test
7166,test
7167,test
7168,test
7169,test
7170,test
7171,test
7172,test
7173,test
7174,test
7175,test
7176,test
7177,test
7178,test
7179,test
7180,test
7181,test
7182,test
7183,test
7184,test
7185,test
7186,test
7187,test
7188,test
7189,test
7190,test
7191,test
7192,test
7193,test
7194,test
7195,test
7196,test
7197,test
7198,test
7199,test
7200,test
7201,test
7202,test
7203,test
7204,test
7205,test
7206,test
7207,test
7208,test
7209,test
7210,test
7211,test
7212,test
7213,test
7214,test
7215,test
7216,test
7217,test
7218,test
7219,test
7220,test
7221,test
7222,test
7223,test
7224,test
7225,test
7226,test
7227,test
7228,test
7229,test
7230,test
7231,test
7232,test
7233,test
7234,test
7235,test
7236,test
7237,test
7238,test
7239,test
7240,test
7241,test
7242,test
7243,test
7244,test
7245,test
7246,test
7247,test
7248,test
7249,test
7250,test
7251,test
7252,test
7253,test
7254,test
7255,test
7256,test
7257,test
7258,test
7259,test
7260,test
7261,test
7262,test
7263,test
7264,test
7265,test
7266,test
7267,test
7268,test
7269,test
7270,test
7271,test
7272,test
7273,test
7274,test
7275,test
7276,test
7277,test
7278,test
7279,test
7280,test
7281,test
7282,test
7283,test
7284,test
7285,test
7286,test
7287,test
7288,test
7289,test
7290,test
7291,test
7292,test
7293,test
7294,test
7295,test
7296,test
7297,test
7298,test
7299,test
7300,test
7301,test
7302,test
7303,test
7304,test
7305,test
7306,test
7307,test
7308,test
7309,test
7310,test
7311,test
7312,test
7313,test
7314,test
7315,test
7316,test
7317,test
7318,test
7319,test
7320,test
7321,test
7322,test
7323,test
7324,test
7325,test
7326,test
7327,test
7328,test
7329,test
7330,test
7331,test
7332,test
7333,test
7334,test
7335,test
7336,test
7337,test
7338,test
7339,test
7340,test
7341,test
7342,test
7343,test
7344,test
7345,test
7346,test
7347,test
7348,test
7349,test
7350,test
7351,test
7352,test
7353,test
7354,test
7355,test
7356,test
7357,test
7358,test
7359,test
7360,test
7361,test
7362,test
7363,test
7364,test
7365,test
7366,test
7367,test
7368,test
7369,test
7370,test
7371,test
7372,test
7373,test
7374,test
7375,test
7376,test
7377,test
7378,test
7379,test
7380,test
7381,test
7382,test
7383,test
7384,test
7385,test
7386,test
7387,test
7388,test
7389,test
7390,test
7391,test
7392,test
7393,test
7394,test
7395,test
7396,test
7397,test
7398,test
7399,test
7400,test
7401,test
7402,test
7403,test
7404,test
7405,test
7406,test
7407,test
7408,test
7409,test
7410,test
7411,test
7412,test
7413,test
7414,test
7415,test
7416,test
7417,test
7418,test
7419,test
7420,test
7421,test
7422,test
7423,test
7424,test
7425,test
7426,test
7427,test
7428,test
7429,test
7430,test
7431,test
7432,test
7433,test
7434,test
7435,test
7436,test
7437,test
7438,test
7439,test
7440,test
7441,test
7442,test
7443,test
7444,test
7445,test
7446,test
7447,test
7448,test
7449,test
7450,test
7451,test
7452,test
7453,test
7454,test
7455,test
7456,test
7457,test
7458,test
7459,test
7460,test
7461,test
7462,test
7463,test
7464,test
7465,test
7466,test
7467,test
7468,test
7469,test
7470,test
7471,test
7472,test
7473,test
7474,test
7475,test
7476,test
7477,test
7478,test
7479,test
7480,test
7481,test
7482,test
7483,test
7484,test
7485,test
7486,test
7487,test
7488,test
7489,test
7490,test
7491,test
7492,test
7493,test
7494,test
7495,test
7496,test
7497,test
7498,test
7499,test
7500,test
7501,test
7502,test
7503,test
7504,test
7505,test
7506,test
7507,test
7508,test
7509,test
7510,test
7511,test
7512,test
7513,test
7514,test
7515,test
7516,test
7517,test
7518,test
7519,test
7520,test
7521,test
7522,test
7523,test
7524,test
7525,test
7526,test
7527,test
7528,test
7529,test
7530,test
7531,test
7532,test
7533,test
7534,test
7535,test
7536,test
7537,test
7538,test
7539,test
7540,test
7541,test
7542,test
7543,test
7544,test
7545,test
7546,test
7547,test
7548,test
7549,test
7550,test
7551,test
7552,test
7553,test
7554,test
7555,test
7556,test
7557,test
7558,test
7559,test
7560,test
7561,test
7562,test
7563,test
7564,test
7565,test
7566,test
7567,test
7568,test
7569,test
7570,test
7571,test
7572,test
7573,test
7574,test
7575,test
7576,test
7577,test
7578,test
7579,test
7580,test
7581,test
7582,test
7583,test
7584,test
7585,test
7586,test
7587,test
7588,test
7589,test
7590,test
7591,test
7592,test
7593,test
7594,test
7595,test
7596,test
7597,test
7598,test
7599,test
7600,test
7601,test
7602,test
7603,test
7604,test
7605,test
7606,test
7607,test
7608,test
7609,test
7610,test
7611,test
7612,test
7613,test
7614,test
7615,test
7616,test
7617,test
7618,test
7619,test
7620,test
7621,test
7622,test
7623,test
7624,test
7625,test
7626,test
7627,test
7628,test
7629,test
7630,test
7631,test
7632,test
7633,test
7634,test
7635,test
7636,test
7637,test
7638,test
7639,test
7640,test
7641,test
7642,test
7643,test
7644,test
7645,test
7646,test
7647,test
7648,test
7649,test
7650,test
7651,test
7652,test
7653,test
7654,test
7655,test
7656,test
7657,test
7658,test
7659,test
7660,test
7661,test
7662,test
7663,test
7664,test
7665,test
7666,test
7667,test
7668,test
7669,test
7670,test
7671,test
7672,test
7673,test
7674,test
7675,test
7676,test
7677,test
7678,test
7679,test
7680,test
7681,test
7682,test
7683,test
7684,test
7685,test
7686,test
7687,test
7688,test
7689,test
7690,test
7691,test
7692,test
7693,test
7694,test
7695,test
7696,test
7697,test
7698,test
7699,test
7700,test
7701,test
7702,test
7703,test
7704,test
7705,test
7706,test
7707,test
7708,test
7709,test
7710,test
7711,test
7712,test
7713,test
7714,test
7715,test
7716,test
7717,test
7718,test
7719,test
7720,test
7721,test
7722,test
7723,test
7724,test
7725,test
7726,test
7727,test
7728,test
7729,test
7730,test
7731,test
7732,test
7733,test
7734,test
7735,test
7736,test
7737,test
7738,test
7739,test
7740,test
7741,test
7742,test
7743,test
7744,test
7745,test
7746,test
7747,test
7748,test
7749,test
7750,test
7751,test
7752,test
7753,test
7754,test
7755,test
7756,test
7757,test
7758,test
7759,test
7760,test
7761,test
7762,test
7763,test
7764,test
7765,test
7766,test
7767,test
7768,test
7769,test
7770,test
7771,test
7772,test
7773,test
7774,test
7775,test
7776,test
7777,test
7778,test
7779,test
7780,test
7781,test
7782,test
7783,test
7784,test
7785,test
7786,test
7787,test
7788,test
7789,test
7790,test
7791,test
7792,test
7793,test
7794,test
7795,test
7796,test
7797,test
7798,test
7799,test
7800,test
7801,test
7802,test
7803,test
7804,test
7805,test
7806,test
7807,test
7808,test
7809,test
7810,test
7811,test
7812,test
7813,test
7814,test
7815,test
7816,test
7817,test
7818,test
7819,test
7820,test
7821,test
7822,test
7823,test
7824,test
7825,test
7826,test
7827,test
7828,test
7829,test
7830,test
7831,test
7832,test
7833,test
7834,test
7835,test
7836,test
7837,test
7838,test
7839,test
7840,test
7841,test
7842,test
7843,test
7844,test
7845,test
7846,test
7847,test
7848,test
7849,test
7850,test
7851,test
7852,test
7853,test
7854,test
7855,test
7856,test
7857,test
7858,test
7859,test
7860,test
7861,test
7862,test
7863,test
7864,test
7865,test
7866,test
7867,test
7868,test
7869,test
7870,test
7871,test
7872,test
7873,test
7874,test
7875,test
7876,test
7877,test
7878,test
7879,test
7880,test
7881,test
7882,test
7883,test
7884,test
7885,test
7886,test
7887,test
7888,test
7889,test
7890,test
7891,test
7892,test
7893,test
7894,test
7895,test
7896,test
7897,test
7898,test
7899,test
7900,test
7901,test
7902,test
7903,test
7904,test
7905,test
7906,test
7907,test
7908,test
7909,test
7910,test
7911,test
7912,test
7913,test
7914,test
7915,test
7916,test
7917,test
7918,test
7919,test
7920,test
7921,test
7922,test
7923,test
7924,test
7925,test
7926,test
7927,test
7928,test
7929,test
7930,test
7931,test
7932,test
7933,test
7934,test
7935,test
7936,test
7937,test
7938,test
7939,test
7940,test
7941,test
7942,test
7943,test
7944,test
7945,test
7946,test
7947,test
7948,test
7949,test
7950,test
7951,test
7952,test
7953,test
7954,test
7955,test
7956,test
7957,test
7958,test
7959,test
7960,test
7961,test
7962,test
7963,test
7964,test
7965,test
7966,test
7967,test
7968,test
7969,test
7970,test
7971,test
7972,test
7973,test
7974,test
7975,test
7976,test
7977,test
7978,test
7979,test
7980,test
7981,test
7982,test
7983,test
7984,test
7985,test
7986,test
7987,test
7988,test
7989,test
7990,test
7991,test
7992,test
7993,test
7994,test
7995,test
7996,test
7997,test
7998,test
7999,test
8000,test
8001,test
8002,test
8003,test
8004,test
8005,test
8006,test
8007,test
8008,test
8009,test
8010,test
8011,test
8012,test
8013,test
8014,test
8015,test
8016,test
8017,test
8018,test
8019,test
8020,test
8021,test
8022,test
8023,test
8024,test
8025,test
8026,test
8027,test
8028,test
8029,test
8030,test
8031,test
8032,test
8033,test
8034,test
8035,test
8036,test
8037,test
8038,test
8039,test
8040,test
8041,test
8042,test
8043,test
8044,test
8045,test
8046,test
8047,test
8048,test
8049,test
8050,test
8051,test
8052,test
8053,test
8054,test
8055,test
8056,test
8057,test
8058,test
8059,test
8060,test
8061,test
8062,test
8063,test
8064,test
8065,test
8066,test
8067,test
8068,test
8069,test
8070,test
8071,test
8072,test
8073,test
8074,test
8075,test
8076,test
8077,test
8078,test
8079,test
8080,test
8081,test
8082,test
8083,test
8084,test
8085,test
8086,test
8087,test
8088,test
8089,test
8090,test
8091,test
8092,test
8093,test
8094,test
8095,test
8096,test
8097,test
8098,test
8099,test
8100,test
8101,test
8102,test
8103,test
8104,test
8105,test
8106,test
8107,test
8108,test
8109,test
8110,test
8111,test
8112,test
8113,test
8114,test
8115,test
8116,test
8117,test
8118,test
8119,test
8120,test
8121,test
8122,test
8123,test
8124,test
8125,test
8126,test
8127,test
8128,test
8129,test
8130,test
8131,test
8132,test
8133,test
8134,test
8135,test
8136,test
8137,test
8138,test
8139,test
8140,test
8141,test
8142,test
8143,test
8144,test
8145,test
8146,test
8147,test
8148,test
8149,test
8150,test
8151,test
8152,test
8153,test
8154,test
8155,test
8156,test
8157,test
8158,test
8159,test
8160,test
8161,test
8162,test
8163,test
8164,test
8165,test
8166,test
8167,test
8168,test
8169,test
8170,test
8171,test
8172,test
8173,test
8174,test
8175,test
8176,test
8177,test
8178,test
8179,test
8180,test
8181,test
8182,test
8183,test
8184,test
8185,test
8186,test
8187,test
8188,test
8189,test
8190,test
8191,test
8192,test
8193,test
8194,test
8195,test
8196,test
8197,test
8198,test
8199,test
8200,test
8201,test
8202,test
8203,test
8204,test
8205,test
8206,test
8207,test
8208,test
8209,test
8210,test
8211,test
8212,test
8213,test
8214,test
8215,test
8216,test
8217,test
8218,test
8219,test
8220,test
8221,test
8222,test
8223,test
8224,test
8225,test
8226,test
8227,test
8228,test
8229,test
8230,test
8231,test
8232,test
8233,test
8234,test
8235,test
8236,test
8237,test
8238,test
8239,test
8240,test
8241,test
8242,test
8243,test
8244,test
8245,test
8246,test
8247,test
8248,test
8249,test
8250,test
8251,test
8252,test
8253,test
8254,test
8255,test
8256,test
8257,test
8258,test
8259,test
8260,test
8261,test
8262,test
8263,test
8264,test
8265,test
8266,test
8267,test
8268,test
8269,test
8270,test
8271,test
8272,test
8273,test
8274,test
8275,test
8276,test
8277,test
8278,test
8279,test
8280,test
8281,test
8282,test
8283,test
8284,test
8285,test
8286,test
8287,test
8288,test
8289,test
8290,test
8291,test
8292,test
8293,test
8294,test
8295,test
8296,test
8297,test
8298,test
8299,test
8300,test
8301,test
8302,test
8303,test
8304,test
8305,test
8306,test
8307,test
8308,test
8309,test
8310,test
8311,test
8312,test
8313,test
8314,test
8315,test
8316,test
8317,test
8318,test
8319,test
8320,test
8321,test
8322,test
8323,test
8324,test
8325,test
8326,test
8327,test
8328,test
8329,test
8330,test
8331,test
8332,test
8333,test
8334,test
8335,test
8336,test
8337,test
8338,test
8339,test
8340,test
8341,test
8343,test
8344,test
8345,test
